SET NAMES 'utf8mb4';
SET CHARACTER SET utf8mb4;
INSERT INTO `member` (`member_code`, `name`, `birthday`, `gender`, `blood_type`, `line_id`, `address`, `inferrer_id`, `phone`, `occupation`, `note`) VALUES
('M001', '陳愛麗絲', '1990-05-15', 'Female', 'A', 'alice_chen', '台北市信義區松高路101號10樓', NULL, '0912345678', '老師', '第一位加入的會員'),
('M002', '王柏博', '1988-10-21', 'Male', 'B', 'bob_wang88', '台中市西屯區台灣大道三段88號5樓', 1, '0922333444', '工程師', '愛麗絲推薦加入'),
('M003', '林佳熙', '1995-03-08', 'Female', 'O', 'cathy_lin95', '高雄市苓雅區五福三路168號9樓', 1, '0933555666', '設計師', ''),
('M004', '劉大衛', '1992-07-19', 'Male', 'AB', 'davidliu92', '台南市中西區民權路二段55號6樓', 2, '0988777666', '醫生', '王柏博的老朋友'),
('M005', '黃怡華', '1998-12-05', 'Female', 'A', 'eva_huang', '新竹市東區光復路一段123號4樓', NULL, '0977665544', '學生', '新加入會員'),
('M006', '謝志強', '1985-11-30', 'Male', 'O', 'frank_hsieh', '宜蘭縣羅東鎮中正路200號3樓', 3, '0955888999', '業務員', '活動中認識'),
('M007', '吳芷恩', '1991-02-25', 'Female', 'B', 'grace_wu', '嘉義市東區吳鳳北路66號2樓', 4, '0966777788', '護士', '劉大衛的家人'),
('M008', '蔡亨利', '1993-06-10', 'Male', 'A', 'henry_tsai', '屏東縣屏東市建國路300號7樓', 2, '0911222333', '程式設計師', ''),
('M009', '柯艾琳', '1989-09-12', 'Female', 'AB', 'ireneko', '基隆市仁愛區愛三路77號5樓', NULL, '0922999111', '藝術家', ''),
('M010', '蘇傑奇', '1996-04-01', 'Other', 'O', 'jacky_su96', '新北市板橋區文化路一段456號8樓', 5, '0944333222', '攝影師', '自行推薦加入');

INSERT INTO `store` (`account`, `store_name`, `store_location`, `password`, `permission`) VALUES
('taipei', '台北總店', '台北市信義區松高路11號', 'taipei2025', 'admin'),
('taichung', '台中門市', '台中市西區公益路68號', 'taichung2025', 'basic'),
('kaohsiung', '高雄門市', '高雄市前鎮區中華五路789號', 'kaohsiung2025', 'basic'),
('tainan', '台南門市', '台南市東區中華東路123號', 'tainan2025', 'basic'),
('hsinchu', '新竹門市', '新竹市東區光復路二段101號', 'hsinchu2025', 'basic'),
('newtaipei', '新北門市', '新北市板橋區縣民大道二段7號', 'newtaipei2025', 'basic'),
('taoyuan', '桃園門市', '桃園市中壢區元化路357號', 'taoyuan2025', 'basic'),
('keelung', '基隆門市', '基隆市仁愛區仁一路55號', 'keelung2025', 'basic'),
('chiayi', '嘉義門市', '嘉義市東區民生路99號', 'chiayi2025', 'basic'),
('yilan', '宜蘭門市', '宜蘭縣宜蘭市民權路二段38號', 'yilan2025', 'basic');

INSERT INTO `micro_surgery` (`micro_surgery_selection`, `micro_surgery_description`) VALUES
('臉部微整', '眼袋手術'),
('鼻部整形', '隆鼻手術'),
('注射填充', '玻尿酸'),
('肉毒桿菌', '除皺'),
('雷射療程', '淡化疤痕'),
('電波拉皮', '緊緻肌膚'),
('自體脂肪移植', '臉部填充'),
('微針療程', '改善膚質'),
('複合式療程', '全臉美容'),
('醫學美容', '改善暗沉');

INSERT INTO `product` (`code`, `name`, `price`) VALUES
('SKN001', '保濕面膜', 580.00),
('SKN002', '精華液', 1200.00),
('SKN003', '潔面乳', 450.00),
('SKN004', '保濕乳液', 780.00),
('SKN005', '防曬霜', 650.00),
('SUP001', '膠原蛋白粉', 1500.00),
('SUP002', '維他命C', 850.00),
('SUP003', '魚油', 720.00),
('HRB001', '舒壓茶包', 380.00),
('HRB002', '薰衣草精油', 550.00);

INSERT INTO `therapy` (`code`, `name`, `price`, `content`) VALUES
('TH001', '全身放鬆按摩', 2800.00, '60分鐘全身按摩，幫助放鬆肌肉，改善血液循環'),
('TH002', '足部反射按摩', 1800.00, '40分鐘足部按摩，刺激穴位，促進身體機能'),
('TH003', '肩頸紓壓療程', 1500.00, '30分鐘肩頸按摩，緩解辦公族群常見的肩頸僵硬問題'),
('TH004', '臉部護理療程', 2500.00, '50分鐘臉部護理，包含清潔、按摩及面膜'),
('TH005', '芳香精油療程', 3200.00, '70分鐘全身精油按摩，使用進口精油，達到身心放鬆'),
('TH006', '熱石療法', 3500.00, '80分鐘熱石按摩，深層放鬆肌肉'),
('TH007', '頭部舒壓療程', 1200.00, '25分鐘頭部按摩，緩解頭痛及壓力'),
('TH008', '腿部舒緩療程', 1600.00, '35分鐘腿部按摩，改善水腫及疲勞'),
('TH009', '背部深層療程', 2200.00, '45分鐘背部深層按摩，緩解背部緊繃及疼痛'),
('TH010', '身體去角質護理', 2000.00, '40分鐘身體去角質，滋潤肌膚');

INSERT INTO `family_information` (`name`, `relationship`, `age`, `company`, `occupation`, `phone`) VALUES
('王大明', '父親', 58, '台北科技公司', '工程師', '0933123456'),
('林美麗', '母親', 55, '台中醫院', '護理師', '0922654321'),
('陳小華', '配偶', 35, '高雄金融公司', '會計師', '0912345678'),
('李文彬', '父親', 62, '退休', '前教師', '0955123456'),
('張雅琪', '姊妹', 28, '台南設計公司', '平面設計師', '0977987654'),
('吳俊宏', '兄弟', 32, '新竹科學園區', '軟體工程師', '0988123456'),
('趙淑芬', '母親', 60, '家管', '無', '0966654321'),
('周志強', '配偶', 40, '台北外商公司', '業務經理', '0912876543'),
('林宏碩', '父親', 65, '退休', '前經理', '0933567890'),
('陳偉誠', '兄弟', 30, '基隆運輸公司', '司機', '0922123987');

INSERT INTO `emergency_contact` (`name`, `relationship`, `age`, `company`, `occupation`, `phone`) VALUES
('王小明', '兄弟', 45, '台北電子公司', '業務', '0933234567'),
('林美玲', '姊妹', 42, '台中學校', '老師', '0922765432'),
('陳大忠', '朋友', 36, '高雄銀行', '經理', '0912567890'),
('李芳芳', '朋友', 38, '台南醫院', '醫生', '0955234567'),
('張志明', '配偶', 30, '新竹半導體公司', '工程師', '0977098765'),
('吳美花', '姐妹', 33, '宜蘭旅行社', '導遊', '0988234567'),
('趙家豪', '朋友', 31, '台北健身房', '教練', '0966765432'),
('周美玲', '母親', 58, '家管', '無', '0912987654'),
('林大勇', '朋友', 40, '基隆海運公司', '經理', '0933678901'),
('陳雅婷', '配偶', 32, '新北教育中心', '老師', '0922234098');

INSERT INTO `work_experience` (`start_date`, `end_date`, `company_name`, `department`, `job_title`, `supervise_name`, `department_telephone`, `salary`, `is_still_on_work`, `working_department`) VALUES
('2015-01-15', '2018-05-30', '台北國際美容集團', '按摩部門', '按摩師', '王主任', '02-12345678', 35000.00, 0, NULL),
('2016-03-10', '2020-12-31', '國際健康養生館', '芳療部門', '芳療師', '林經理', '04-87654321', 38000.00, 0, NULL),
('2017-06-20', NULL, '幸福美容中心', '美容部門', '美容師', '陳副理', '07-22334455', 42000.00, 1, '美容部'),
('2018-09-01', '2021-03-15', '健康樂活診所', '諮詢部門', '諮詢師', '李院長', '06-33445566', 40000.00, 0, NULL),
('2019-02-15', NULL, '快樂芳療中心', '芳療部門', '資深芳療師', '張總監', '03-55667788', 45000.00, 1, '芳療部'),
('2017-08-10', '2019-11-30', '美麗人生美容院', '美容部門', '美容顧問', '吳店長', '02-66778899', 36000.00, 0, NULL),
('2020-01-05', NULL, '養生會館', '按摩部門', '按摩師', '趙主任', '02-99887766', 38000.00, 1, '按摩部'),
('2016-05-20', '2019-08-15', '好心情SPA館', 'SPA部門', 'SPA師', '周經理', '04-11223344', 39000.00, 0, NULL),
('2018-11-10', NULL, '活力美容中心', '保養部門', '保養顧問', '林總監', '02-55443322', 41000.00, 1, '保養部'),
('2019-04-01', '2022-02-28', '自然美集團', '美容部門', '護膚師', '陳經理', '07-66554433', 37000.00, 0, NULL);

INSERT INTO `hiring_information` (`probation_period`, `duration`, `salary`, `official_employment_date`, `approval_date`, `disqualification_date`, `note`) VALUES
(3, 12, 35000.00, '2019-04-01', '2019-03-15', NULL, '表現優良，準時到職'),
(3, 12, 38000.00, '2020-01-15', '2020-01-05', NULL, '技術熟練，客戶滿意度高'),
(2, 24, 42000.00, '2020-07-01', '2020-06-20', NULL, '有豐富的美容經驗'),
(3, 12, 40000.00, '2021-05-15', '2021-05-01', NULL, '應變能力強，溝通技巧佳'),
(2, 24, 45000.00, '2021-09-01', '2021-08-20', NULL, '持有多項專業證照'),
(3, 12, 36000.00, '2022-01-10', '2021-12-25', '2022-05-30', '不適應工作環境，自行離職'),
(3, 12, 38000.00, '2022-03-15', '2022-03-01', NULL, '工作態度積極，學習能力強'),
(2, 24, 39000.00, '2022-06-01', '2022-05-20', NULL, '對產品了解深入，銷售能力佳'),
(3, 12, 41000.00, '2022-09-15', '2022-09-01', '2023-02-15', '個人因素離職'),
(3, 12, 37000.00, '2023-01-01', '2022-12-20', NULL, '顧客服務能力強，深受客戶喜愛');

INSERT INTO `usual_sympton_and_family_history`
(`HPA_selection`, `meridian_selection`, `neck_and_shoulder_selection`, `anus_selection`, `family_history_selection`, `others`, `member_id`)
VALUES
('["頭暈"]', '["下半身易水腫"]', '["背緊肩周痛"]', '["消化不良"]', '["糖尿病"]', '經常失眠', 1),
('["偏頭痛"]', '["膝蓋疼痛"]', '["肩頸痠痛"]', '["排便不順"]', '["高血壓"]', '容易緊張', 2),
('["睡眠不足或不佳"]', '["腿部痠痛無力"]', '["時常昏沉"]', '["腰部酸痛"]', '["腸胃疾病"]', '容易疲勞', 3),
('["注意力不集中"]', '["靜脈曲張"]', '["脖子僵硬"]', '["新陳代謝差"]', '["自體免疫疾病"]', '經常熬夜', 4),
('["壓力大"]', '["無"]', '["易緊張"]', '["易脹氣"]', '["癌症"]', '過敏體質', 5),
('["頭暈"]', '["下半身易水腫"]', '["背緊肩周痛"]', '["消化不良"]', '["高血壓"]', '容易感冒', 6),
('["偏頭痛"]', '["膝蓋疼痛"]', '["肩頸痠痛"]', '["排便不順"]', '["腸胃疾病"]', '血液循環不良', 7),
('["睡眠不足或不佳"]', '["腿部痠痛無力"]', '["時常昏沉"]', '["腰部酸痛"]', '["糖尿病"]', '長期工作壓力大', 8),
('["注意力不集中"]', '["靜脈曲張"]', '["脖子僵硬"]', '["新陳代謝差"]', '["自體免疫疾病"]', '貧血', 9),
('["壓力大"]', '["無"]', '["易緊張"]', '["易脹氣"]', '["癌症"]', '容易焦慮', 10);

INSERT INTO `staff` (`family_information_id`, `emergency_contact_id`, `work_experience_id`, `hiring_information_id`, `name`, `gender`, `fill_date`, `onboard_date`, `nationality`, `education`, `married`, `position`, `phone`, `national_id`, `mailing_address`, `registered_address`) VALUES
(1, 1, 1, 1, '黃怡君', '女', '2019-03-15', '2019-04-01', '台灣', '專科', 0, '芳療師', '0911111111', 'A123456789', '台北市信義區松仁路100號', '台北市信義區松仁路100號'),
(2, 2, 2, 2, '陳信宏', '男', '2020-01-05', '2020-01-15', '台灣', '大學', 0, '課程顧問', '0922222222', 'B234567890', '台中市西屯區文心路一段100號', '台中市西屯區文心路一段100號'),
(3, 3, 3, 3, '林佳蓉', '女', '2020-06-20', '2020-07-01', '台灣', '大學', 1, '美容師', '0933333333', 'C345678901', '高雄市三民區明誠一路100號', '高雄市三民區明誠一路100號'),
(4, 4, 4, 4, '周柏宇', '男', '2021-05-01', '2021-05-15', '台灣', '高中', 0, '櫃檯人員', '0944444444', 'D456789012', '台南市東區大學路一段100號', '台南市東區大學路一段100號'),
(5, 5, 5, 5, '徐書芸', '女', '2021-08-20', '2021-09-01', '台灣', '研究所', 1, '芳療師', '0955555555', 'E567890123', '新竹市東區光復路二段100號', '新竹市東區光復路二段100號'),
(6, 6, 6, 6, '吳宗憲', '男', '2021-12-25', '2022-01-10', '台灣', '大學', 1, '課程顧問', '0966666666', 'F678901234', '宜蘭縣宜蘭市中山路二段100號', '宜蘭縣宜蘭市中山路二段100號'),
(7, 7, 7, 7, '楊雅雯', '女', '2022-03-01', '2022-03-15', '台灣', '專科', 0, '櫃檯人員', '0977777777', 'G789012345', '台北市大安區復興南路一段100號', '台北市大安區復興南路一段100號'),
(8, 8, 8, 8, '張宏志', '男', '2022-05-20', '2022-06-01', '台灣', '研究所', 1, '營運主管', '0988888888', 'H890123456', '台中市北屯區文心路四段100號', '台中市北屯區文心路四段100號'),
(9, 9, 9, 9, '朱雅婷', '女', '2022-09-01', '2022-09-15', '台灣', '大學', 0, '美容師', '0999999999', 'I901234567', '基隆市中正區中正路100號', '基隆市中正區中正路100號'),
(10, 10, 10, 10, '簡志強', '男', '2022-12-20', '2023-01-01', '台灣', '大學', 1, '店長', '0910000000', 'J012345678', '新北市板橋區中山路一段100號', '新北市板橋區中山路一段100號');

INSERT INTO `medical_record` (`member_id`, `usual_sympton_and_family_history_id`, `height`, `weight`, `micro_surgery`) VALUES
(1, 1, 165.5, 55.8, 1),
(2, 2, 178.3, 75.2, 2),
(3, 3, 162.0, 50.5, 3),
(4, 4, 180.5, 78.1, 4),
(5, 5, 158.0, 48.3, 5),
(6, 6, 175.0, 70.6, 6),
(7, 7, 164.5, 53.9, 7),
(8, 8, 182.0, 80.4, 8),
(9, 9, 160.0, 51.2, 9),
(10, 10, 170.5, 65.7, 10);

INSERT INTO `inventory` (`product_id`, `staff_id`, `date`, `quantity`, `stock_in`, `stock_out`, `stock_loan`, `store_id`, `stock_threshold`) VALUES
(1, 1, '2023-01-10', 50, 10, 5, 0, 1, 10),
(2, 2, '2023-01-15', 30, 5, 2, 0, 2, 15),
(3, 3, '2023-02-01', 40, 8, 3, 0, 3, 20),
(4, 4, '2023-02-15', 25, 3, 1, 0, 4, 15),
(5, 5, '2023-03-01', 35, 7, 2, 0, 5, 25),
(6, 6, '2023-03-15', 20, 4, 1, 0, 6, 10),
(7, 7, '2023-04-01', 30, 6, 2, 0, 7, 20),
(8, 8, '2023-04-15', 25, 2, 1, 0, 8, 15),
(9, 9, '2023-05-01', 40, 9, 3, 0, 9, 30),
(10, 10, '2023-05-15', 15, 1, 0, 0, 10, 5);

INSERT INTO `ipn_stress` (`member_id`, `a_score`, `b_score`, `c_score`, `d_score`) VALUES
(1, 85, 70, 60, 75),
(2, 65, 80, 75, 70),
(3, 75, 65, 80, 60),
(4, 60, 75, 70, 80),
(5, 70, 65, 75, 85),
(6, 80, 75, 65, 70),
(7, 75, 80, 70, 65),
(8, 65, 70, 85, 75),
(9, 70, 65, 75, 80),
(10, 75, 70, 65, 85);

INSERT INTO `therapy_sell` (`therapy_id`, `member_id`, `store_id`, `staff_id`, `date`, `amount`, `discount`, `payment_method`, `sale_category`, `note`) VALUES
(1, 1, 1, 1, '2023-01-15', 20, 0, 'Cash', 'Sell', ''),
(2, 2, 2, 2, '2023-01-20', 20, 300, 'CreditCard', 'Sell', ''),
(3, 3, 3, 3, '2023-02-05', 20, 0, 'Cash', 'Sell', ''),
(4, 4, 4, 4, '2023-02-10', 20, 200, 'Cash', 'Sell', ''),
(5, 5, 5, 5, '2023-03-01', 20, 500, 'Cash', 'Sell', ''),
(6, 6, 6, 6, '2023-03-20', 20, 0, 'Cash', 'Sell', ''),
(7, 7, 7, 7, '2023-04-05', 20, 300, 'Cash', 'Sell', ''),
(8, 8, 8, 8, '2023-04-15', 20, 400, 'Cash', 'Sell', ''),
(9, 9, 9, 9, '2023-05-01', 20, 600, 'Cash', 'Sell', ''),
(10, 10, 10, 10, '2023-05-15', 20, 0, 'Cash', 'Sell', '');

INSERT INTO `therapy_record` (`therapy_id`, `member_id`, `store_id`, `staff_id`, `date`, `note`) VALUES
(1, 1, 1, 1, '2023-01-20', '客戶反應良好，肩頸壓力明顯舒緩'),
(2, 2, 2, 2, '2023-01-25', '背部肌肉緊繃，建議一週後回診'),
(3, 3, 3, 3, '2023-02-10', '客戶滿意度高，預約下次療程'),
(4, 4, 4, 4, '2023-02-15', '腿部水腫改善明顯'),
(5, 5, 5, 5, '2023-03-05', '睡眠品質改善，客戶表示精神變好'),
(6, 6, 6, 6, '2023-03-25', '頭痛症狀緩解，建議持續追蹤'),
(7, 7, 7, 7, '2023-04-10', '肌膚狀態明顯改善'),
(8, 8, 8, 8, '2023-04-20', '體重下降2公斤，客戶表示滿意'),
(9, 9, 9, 9, '2023-05-05', '頸部僵硬情況有所改善，建議增加次數'),
(10, 10, 10, 10, '2023-05-20', '整體身體狀況良好，維持每月一次療程');

INSERT INTO `ipn_pure` (`member_id`, `staff_id`, `visceral_fat`, `blood_preasure`, `basal_metabolic_rate`, `date`, `body_age`, `height`, `weight`, `bmi`, `pure_item`, `note`) VALUES
(1, 1, 5.5, '120/80', 1200, '2023-01-25', 32, 165.5, 55.8, 20.5, '基礎測量', '整體健康狀態良好'),
(2, 2, 7.2, '130/85', 1500, '2023-02-01', 35, 178.3, 75.2, 23.8, '全身分析', '建議增加有氧運動'),
(3, 3, 4.8, '115/75', 1100, '2023-02-15', 28, 162.0, 50.5, 19.5, '健康追蹤', '代謝狀態穩定'),
(4, 4, 8.5, '135/90', 1600, '2023-03-01', 40, 180.5, 78.1, 24.2, '全身分析', '肌肉比例良好，脂肪略高'),
(5, 5, 4.2, '110/70', 1050, '2023-03-15', 27, 158.0, 48.3, 19.2, '基礎測量', '整體健康，建議增加蛋白質攝取'),
(6, 6, 7.8, '125/85', 1450, '2023-04-01', 38, 175.0, 70.6, 23.1, '健康追蹤', '血壓略高，建議控制鹽分攝取'),
(7, 7, 5.0, '118/75', 1150, '2023-04-15', 30, 164.5, 53.9, 20.1, '全身分析', '身體狀態穩定'),
(8, 8, 9.2, '140/90', 1650, '2023-05-01', 42, 182.0, 80.4, 24.5, '健康追蹤', '建議增加運動頻率'),
(9, 9, 4.5, '112/72', 1080, '2023-05-15', 29, 160.0, 51.2, 19.8, '基礎測量', '整體健康狀態佳'),
(10, 10, 6.5, '122/82', 1350, '2023-06-01', 34, 170.5, 65.7, 22.5, '全身分析', '身體素質良好，平衡飲食');

INSERT INTO `product_sell` 
(`member_id`, `staff_id`, `store_id`, `product_id`, `date`, `quantity`, `unit_price`, `discount_amount`, `final_price`, `payment_method`, `sale_category`, `note`) 
VALUES
(1, 1, 1, 1, '2024-05-01', 2, 580.00, 60.00, 1100.00, 'CreditCard', '一般銷售', '客戶加購'),
(2, 2, 2, 3, '2024-05-03', 1, 450.00, 0.00, 450.00, 'Cash', '促銷活動', '新品體驗'),
(3, 3, 1, 6, '2024-05-05', 3, 1500.00, 300.00, 4200.00, 'Transfer', '熟客優惠', ''),
(4, 1, 3, 2, '2024-05-10', 1, 1200.00, 120.00, 1080.00, 'MobilePayment', '一般銷售', '指定商品折扣'),
(5, 4, 2, 7, '2024-05-12', 2, 850.00, 0.00, 1700.00, 'CreditCard', '組合優惠', '買A送B活動'),
(1, 5, 1, 4, '2024-05-15', 1, 780.00, 0.00, 780.00, 'Cash', '一般銷售', NULL),
(6, 2, 4, 5, '2024-05-18', 1, 650.00, 50.00, 600.00, 'CreditCard', '特殊折扣', '員工親友'),
(7, 3, 5, 8, '2024-05-20', 2, 720.00, 100.00, 1340.00, 'Transfer', '一般銷售', '大量購買'),
(8, 6, 1, 9, '2024-05-25', 1, 380.00, 0.00, 380.00, 'Cash', '清倉特賣', ''),
(2, 7, 2, 10, '2024-05-28', 1, 550.00, 25.00, 525.00, 'MobilePayment', '一般銷售', '會員生日禮');